<?xml version="1.0" encoding="UTF-8" ?>
<!DOCTYPE mapper PUBLIC "-//mybatis.org//DTD Mapper 3.0//EN" "http://mybatis.org/dtd/mybatis-3-mapper.dtd">
<mapper namespace="com.yxyz.dao.ArticleDao">
	<insert id="save" parameterType="com.yxyz.vo.Article">
		insert 
			into t_article(title,description,content,articletype,createdatetime,createuserid)
		values
		(
			#{title,jdbcType=VARCHAR},#{description,jdbcType=VARCHAR},#{content,jdbcType=LONGVARCHAR},
			#{articletype,jdbcType=VARCHAR},#{createdatetime,jdbcType=TIMESTAMP},#{createuserid,jdbcType=VARCHAR}
		)
	</insert>
	
	<select id="findByCondit" parameterType="com.yxyz.condit.Article_Condit" resultType="com.yxyz.vo.Article">
		select t1.* from t_article t1 where 1=1
		<if test="articletype != null and articletype !=''">
			and t1.articletype like concat('%',#{articletype},'%')
		</if>
		<if test="createuserid != null and createuserid !=''">
			and t1.createuserid = #{createuserid}
		</if>
	</select>
</mapper>